{
  "marketing_stripe": {
    "text": "Sex Shop Espaço Dia Enjoy",
    "link": "",
    "background": "#e4a6d4",
    "color": "#6a142c"
  },
  "contacts_stripe": {
    "pages": [
      {
        "title": "Sobre nós",
        "link": "/pages/sobre-nos"
      },
      {
        "title": "",
        "link": ""
      }
    ],
    "phone_wpp": true,
    "socials": true
  },
  "categories_list": {
    "featured": [],
    "random": 6,
    "full_width": false
  },
  "desktop_megamenu": false,
  "search_input": true,
  "alphabetical_order_submenu": true,
  "full_width_submenu": false
}