{
  "meta_title": "Sex Shop Espaço Dia Enjoy ",
  "meta_description": "Sex Shop Espaço Dia Enjoy",
  "sections": [
    {
      "type": "banner-slider",
      "autoplay": 9000,
      "full_width": false,
      "slides": [
        {
          "img": "/img/uploads/rect89-1201-311-px.png",
          "link": "/headset",
          "alt": "Headset banner",
          "start": "2020-04-11T05:54:06.750Z",
          "end": "2020-12-31T03:00:00.000Z",
          "mobile_img": "/img/uploads/headphone.webp"
        },
        {
          "start": "",
          "end": "",
          "img": "/img/uploads/banner-2-1200-311-px.png",
          "alt": "Banner sample two",
          "mobile_img": "/img/uploads/headphone-para-mobile-480-320-px-.png"
        }
      ]
    },
    {
      "type": "info-bar",
      "enabled": false
    },
    {
      "type": "collection-shelf",
      "shuffle": false,
      "collection_id": null,
      "sort": "lowest_price",
      "title": "",
      "headless": false,
      "limit": 24,
      "page": 5
    },
    {
      "type": "page-title",
      "title": "Loja demo da E-Com Plus",
      "description": "Loja de demonstração e testes da plataforma E-Com Plus e Storefront. Todos os produtos, preços e informações são meramente ilustrativos."
    }
  ]
}